strain,media,treat,dilution,well,colony,rep,xt,num,exp,total.events,volume.nL,limit.events,limit.volume.uL,singlets,neg.rmv,noise.cutoff,noisy.events,clean.events,clust.model,spore,veg,spore.ml,veg.ml
pDR110,DSM,xIPTG,x100,A1,COL1,a,fcs,1,exp1,49098,30000,50000,30,45591,4030,8.576652947914138,41561,34147,new for  pDR110_exp1,9475,24672,31583333.333333336,82240000
pDR110,DSM,xIPTG,x100,A2,COL1,b,fcs,1,exp1,50000,22233,50000,30,46805,1926,8.60131630464863,44879,37711,new for  pDR110_exp1,6796,30915,30567174.92016372,139050060.72055054
pDR110,DSM,xIPTG,x100,A3,COL1,c,fcs,1,exp1,50000,15405,50000,30,46705,1032,9.330618303847169,45673,41863,new for  pDR110_exp1,28200,13663,183057448.88023368,88691983.12236287
pDR110,DSM,xIPTG,x100,A4,COL2,a,fcs,1,exp1,50000,26773,50000,30,46107,1798,8.061054420954711,44309,41200,new for  pDR110_exp1,15173,26027,56672767.34023082,97213610.72722518
pDR110,DSM,xIPTG,x100,A5,COL2,b,fcs,1,exp1,50000,27782,50000,30,46271,1874,8.013142289476425,44397,41093,new for  pDR110_exp1,16305,24788,58689079.259952486,89223238.0678137
pDR110,DSM,xIPTG,x100,A6,COL2,c,fcs,1,exp1,50000,25224,50000,30,46466,1451,8.485506847796294,45015,41242,new for  pDR110_exp1,14265,26977,56553282.58801142,106949730.41547732
pDR110,DSM,xIPTG,x100,F2,COL3,a,fcs,1,exp1,28223,30000,50000,30,26128,258,8.857649669268877,25870,23276,new for  pDR110_exp1,13423,9853,44743333.333333336,32843333.333333336
pDR110,DSM,xIPTG,x100,G2,COL3,b,fcs,1,exp1,31317,30000,50000,30,28975,301,8.936119784551437,28674,25754,new for  pDR110_exp1,16831,8923,56103333.333333336,29743333.333333336
pDR110,DSM,xIPTG,x100,H2,COL3,c,fcs,1,exp1,50000,26413,50000,30,46429,306,9.306392185651452,46123,42351,new for  pDR110_exp1,26426,15925,100049218.18801348,60292280.31651081
